review_id,user_id,entity_id,review_text,rating,credibility,recency_weight,timestamp
r000000,u00025,e021,Museum restaurant clean museum hotel museum clean beautiful beach beach booking beautiful.,4,0.9541187656568475,0.780923684330654,2026-03-20
r000001,u00007,e020,Museum clean trip amazing trip booking tour booking restaurant excellent excellent restaurant.,4,0.5452814616057088,0.7855195606147675,2026-04-29
r000002,u00019,e001,Dirty friendly trip clean hotel booking restaurant tour hotel late hotel museum.,3,0.7790708453017986,0.695802833265454,2026-02-20
r000003,u00027,e003,Tour family unsafe booking dirty family tour restaurant unsafe trip tour unsafe.,3,0.9285279421535052,0.4294007127417436,2026-03-25
r000004,u00027,e009,Late trip excellent clean restaurant booking tour clean museum trip booking beach.,3,0.7734659735431445,0.5560511945036397,2026-02-20
r000005,u00057,e010,Tour friendly restaurant booking late family clean restaurant family hotel hotel friendly.,3,0.8871093179116236,0.849091838150487,2026-04-12
r000006,u00025,e006,Tour family museum excellent booking restaurant amazing friendly family clean trip booking.,4,0.7962614442204315,0.7479616447887895,2026-01-12
r000007,u00027,e004,Booking beautiful recommended family trip museum beautiful recommended hotel trip booking booking.,5,0.9070825179976283,0.8211342895932195,2026-05-02
r000008,u00074,e011,Dirty trip beach museum beach unsafe beach clean late trip booking beach.,3,0.9586251872617497,0.7739108647925332,2026-03-17
r000009,u00042,e009,Dirty tour late museum hotel museum restaurant family late restaurant late booking.,3,0.6545793793885042,0.7342489167740037,2026-04-26
r000010,u00033,e029,Tour comfortable booking recommended booking recommended tour museum hotel beautiful beach tour.,4,0.6338911756391555,0.845286078602401,2026-01-26
r000011,u00001,e005,Beach clean museum booking tour beautiful tour beautiful amazing tour hotel hotel.,4,0.6949444015886381,0.6756108987291174,2026-01-19
r000012,u00076,e001,Beach booking beach clean family trip booking amazing hotel excellent friendly trip.,4,0.8984508996078466,0.51697345878897,2026-06-21
r000013,u00060,e002,Beach friendly excellent restaurant beach dirty trip friendly tour restaurant tour museum.,3,0.9621905163463984,0.9663267280390476,2026-05-17
r000014,u00075,e022,Beach booking comfortable tour trip restaurant beach friendly comfortable beautiful hotel restaurant.,4,0.8616295800183539,0.865197175074649,2026-02-06
r000015,u00059,e005,Clean beautiful hotel comfortable beautiful trip tour family museum beach hotel restaurant.,5,0.7295374965587009,0.9043037493611891,2026-02-21
r000016,u00028,e022,Hotel restaurant restaurant hotel hotel poor bad museum restaurant restaurant unsafe poor.,2,0.8816408173688662,0.7072913192440311,2026-06-05
r000017,u00034,e014,Unsafe museum friendly tour hotel hotel family trip unsafe late museum beach.,3,0.9542585943965175,0.5467736099317052,2026-05-25
r000018,u00066,e016,Family rude booking museum restaurant family beach unsafe crowded expensive beach museum.,2,0.7247660714507895,0.681421424182887,2026-01-29
r000019,u00038,e029,Restaurant bad crowded bad beach expensive family trip museum trip tour booking.,2,0.8061739667667698,0.7910188626879957,2026-06-04
r000020,u00017,e028,Beach late restaurant hotel bad beach museum beach crowded family museum late.,2,0.4297908352151935,0.6018812693825412,2026-06-09
r000021,u00054,e004,Recommended tour comfortable tour tour beautiful booking beautiful tour trip beach family.,4,0.8287648802590047,0.6179065922674154,2026-03-24
r000022,u00039,e007,Museum late museum trip poor beach trip unsafe museum crowded family family.,2,0.7733641147135034,0.7931320309122039,2026-01-11
r000023,u00041,e022,Family friendly beach beautiful friendly tour comfortable beach hotel family booking trip.,4,0.9407137130403511,0.8413151567337374,2026-05-11
r000024,u00020,e023,Safe beach trip museum restaurant museum clean hotel booking amazing clean trip.,4,0.8419554269861689,0.6147506758378997,2026-01-01
r000025,u00078,e013,Clean trip hotel tour museum trip safe comfortable family restaurant trip amazing.,4,0.6578371674816512,0.6851484752415115,2026-04-28
r000026,u00063,e015,Expensive hotel dirty bad hotel restaurant restaurant beach family expensive trip tour.,1,0.8828837133876424,0.8096634269223556,2026-01-24
r000027,u00067,e007,Museum trip unsafe unsafe beach friendly hotel beach beach restaurant family unsafe.,3,0.9836863429794701,0.7832052099763616,2026-04-01
r000028,u00073,e028,Tour amazing friendly restaurant museum beach family excellent booking family trip clean.,4,0.8998267408165973,0.7465082702922529,2026-02-04
r000029,u00058,e000,Trip recommended trip safe restaurant family booking trip tour beautiful beach comfortable.,4,0.5785795074894887,0.4967559597545104,2026-03-30
r000030,u00030,e028,Beach dirty hotel rude unsafe hotel bad restaurant hotel family restaurant museum.,2,0.8596236591933344,0.6510401611678602,2026-05-12
r000031,u00011,e027,Beach tour booking excellent clean clean late restaurant hotel tour trip museum.,3,0.7224595762105888,0.9497805946301616,2026-01-03
r000032,u00079,e008,Hotel excellent restaurant trip beach friendly tour trip late clean family tour.,3,0.8427559665017721,0.8394582571510265,2026-05-09
r000033,u00045,e006,Booking late booking booking restaurant trip late dirty family late museum beach.,3,0.9358398721993011,0.8860201056088294,2026-06-14
r000034,u00075,e003,Amazing hotel hotel excellent excellent restaurant museum hotel trip beach museum beautiful.,5,0.953681243535526,0.6724728360962009,2026-03-08
r000035,u00077,e002,Tour clean restaurant hotel tour booking beach late museum friendly excellent restaurant.,3,0.8851426152558207,0.7504529859192278,2026-06-09
r000036,u00015,e008,Hotel friendly friendly trip family comfortable restaurant tour amazing museum museum trip.,4,0.7102517031285328,0.7751654088697363,2026-04-01
r000037,u00046,e011,Safe safe restaurant trip museum excellent tour museum beach trip beach amazing.,5,0.7347403186996013,0.846330301953247,2026-05-23
r000038,u00070,e008,Booking clean museum museum clean hotel excellent family museum trip excellent museum.,3,0.6169826028993729,0.621070727050152,2026-04-03
r000039,u00025,e003,Excellent excellent hotel tour excellent hotel family family amazing beach tour booking.,4,0.8732256613138509,0.8486370622948224,2026-06-23
r000040,u00076,e010,Booking excellent restaurant friendly museum restaurant amazing comfortable family tour trip tour.,4,0.6975689825477014,0.655696688824658,2026-01-09
r000041,u00003,e028,Beautiful excellent booking beautiful family family restaurant hotel safe tour booking hotel.,4,0.7424377584087224,0.6750775938414061,2026-02-23
r000042,u00056,e022,Crowded poor hotel museum restaurant booking restaurant museum dirty museum tour crowded.,2,0.8957749516084954,0.9293299964813899,2026-01-22
r000043,u00027,e026,Restaurant beach tour family clean family booking amazing museum restaurant amazing safe.,4,0.7299738263276125,0.8880183920039839,2026-02-12
r000044,u00025,e000,Family restaurant restaurant museum tour tour excellent friendly museum safe booking comfortable.,5,0.8836193742123934,0.7567701469740593,2026-03-10
r000045,u00039,e009,Bad expensive expensive hotel family museum beach dirty family trip beach family.,2,0.8638082888793721,0.8328777366873392,2026-03-11
r000046,u00023,e003,Hotel beach beautiful hotel tour beach clean beautiful friendly trip beach family.,5,0.766804930534803,0.6812153398364962,2026-05-08
r000047,u00078,e023,Hotel tour comfortable family booking beach amazing comfortable trip trip restaurant clean.,4,0.9251957761967127,0.6981804901177945,2026-05-06
r000048,u00018,e005,Family late dirty trip booking trip excellent late tour hotel restaurant booking.,3,0.8437919849800665,0.7234523462075868,2026-04-04
r000049,u00028,e020,Safe tour hotel hotel beautiful restaurant amazing trip hotel museum clean restaurant.,5,0.898821216006427,0.8386429812728162,2026-03-05
r000050,u00031,e004,Museum hotel booking excellent family amazing restaurant recommended museum recommended booking tour.,5,0.7659315487645756,0.8360518529777325,2026-05-10
r000051,u00058,e019,Crowded museum family dirty unsafe hotel museum booking beach family crowded family.,2,0.7372318432769387,0.8256718357295563,2026-01-13
r000052,u00072,e011,Hotel beach museum hotel restaurant friendly booking trip safe excellent beautiful tour.,4,0.9343028876974133,0.5617368613652118,2026-03-06
r000053,u00047,e012,Beach trip family amazing friendly recommended beach booking friendly trip tour beach.,4,0.596800954524705,0.6866698432786038,2026-02-18
r000054,u00006,e029,Tour clean museum beach museum excellent comfortable family restaurant comfortable beach tour.,4,0.9520230663768346,0.8618906981963166,2026-05-23
r000055,u00023,e029,Booking booking hotel restaurant booking comfortable clean booking booking recommended museum amazing.,5,0.8511107572897006,0.8551156980863134,2026-06-08
r000056,u00021,e004,Museum museum excellent beach beautiful tour hotel excellent beach friendly booking museum.,4,0.8344324603368389,0.6559568886449617,2026-02-10
r000057,u00061,e012,Beautiful friendly excellent tour museum museum amazing family museum restaurant beach beach.,5,0.77407786212563,0.6739650168459687,2026-06-02
r000058,u00031,e011,Hotel tour comfortable friendly comfortable booking museum family beach booking family excellent.,5,0.8953410084283534,0.9034273642740857,2026-03-23
r000059,u00005,e002,Beach beach restaurant family beach dirty unsafe museum restaurant dirty late beach.,3,0.913403247379015,0.7972899558009484,2026-06-02
r000060,u00014,e004,Family friendly booking beach beautiful family comfortable comfortable museum tour trip booking.,4,0.7324774676104383,0.5335221806385361,2026-03-22
r000061,u00002,e019,Booking dirty trip museum tour clean booking tour excellent family unsafe trip.,3,0.7797009148897713,0.6064671952218605,2026-01-24
r000062,u00023,e027,Restaurant family hotel friendly excellent amazing clean booking tour restaurant hotel restaurant.,4,0.8284755987552315,0.7167713230731286,2026-03-19
r000063,u00068,e012,Unsafe dirty trip trip museum restaurant family bad family hotel trip poor.,2,0.8462800868603962,0.9709635499662695,2026-02-05
r000064,u00071,e010,Booking friendly trip late booking clean museum trip beach tour booking excellent.,3,0.6147304668637559,0.8955294077864513,2026-02-09
r000065,u00027,e009,Recommended museum beach clean tour trip clean museum amazing trip hotel beach.,4,0.7551487823151073,0.6518850559404654,2026-04-10
r000066,u00066,e010,Recommended tour trip beach hotel beautiful beach beautiful restaurant beach comfortable beach.,5,0.8464030498550867,0.6917905595505894,2026-05-26
r000067,u00010,e023,Trip booking tour amazing recommended restaurant restaurant tour excellent museum recommended beach.,5,0.8868523572035307,0.6547555032522202,2026-05-21
r000068,u00048,e016,Family beach restaurant tour dirty trip trip rude hotel crowded poor hotel.,2,0.7704106045210299,0.8588811464981528,2026-05-27
r000069,u00026,e014,Booking booking clean dirty beach museum excellent museum hotel museum restaurant friendly.,3,0.7162750483766529,0.9641947376285416,2026-06-11
r000070,u00033,e024,Family hotel restaurant friendly trip excellent restaurant amazing hotel museum booking comfortable.,5,0.7384156391669809,0.6522300957093152,2026-02-16
r000071,u00039,e026,Hotel booking family unsafe poor beach tour hotel rude restaurant expensive tour.,2,0.887345331569794,0.7808110078596154,2026-05-20
r000072,u00033,e014,Late excellent beach hotel excellent family beach beach excellent family booking tour.,3,0.8970581827382754,0.8631475812527402,2026-03-12
r000073,u00070,e015,Museum clean restaurant booking beach tour comfortable beach tour museum recommended amazing.,4,0.7837813683607645,0.49797080919752323,2026-02-01
r000074,u00018,e006,Beautiful museum excellent museum booking trip trip beautiful restaurant recommended tour hotel.,5,0.8694141162751955,0.7941748607161139,2026-02-10
r000075,u00047,e012,Tour booking recommended excellent trip clean beach restaurant safe family hotel family.,5,0.8940574534127801,0.6639209799440543,2026-04-22
r000076,u00003,e029,Trip beach tour tour hotel unsafe unsafe unsafe beach restaurant clean museum.,3,0.9761135525659898,0.7737081029918266,2026-02-05
r000077,u00014,e005,Clean tour family beach family tour hotel late dirty restaurant museum late.,3,0.5683988192751952,0.8316001933906003,2026-01-06
r000078,u00003,e009,Amazing amazing booking family friendly clean beach museum family hotel tour booking.,4,0.8968541571827151,0.7257453877660162,2026-06-09
r000079,u00005,e011,Tour safe excellent restaurant family beach beach beautiful booking beach restaurant recommended.,5,0.9229369153564674,0.8816344334435784,2026-05-01
r000080,u00040,e008,Booking tour museum booking friendly family excellent dirty beach late tour beach.,3,0.57472096843412,0.8321492045975803,2026-05-30
r000081,u00071,e011,Restaurant family trip dirty hotel late beach dirty late restaurant museum hotel.,3,0.8500786568199442,0.871908160806377,2026-06-22
r000082,u00029,e023,Hotel beach friendly restaurant safe trip trip amazing trip friendly booking tour.,4,0.9384779495695027,0.7228045590198584,2026-05-14
r000083,u00015,e027,Hotel beach comfortable comfortable beach safe booking hotel friendly tour tour tour.,4,0.9003861516213009,0.7494174500761955,2026-06-28
r000084,u00056,e011,Restaurant trip tour trip beautiful beautiful trip booking amazing excellent family restaurant.,4,0.5904649214875082,0.563817121100888,2026-02-15
r000085,u00032,e021,Family late family booking dirty restaurant friendly museum family trip excellent beach.,3,0.8219823288170052,0.6469668805020955,2026-04-06
r000086,u00038,e010,Trip amazing hotel recommended hotel family trip tour family safe comfortable trip.,4,0.8980105047699408,0.7526342452866353,2026-02-11
r000087,u00007,e013,Family hotel tour dirty family tour beach trip dirty museum late dirty.,3,0.8031203919320368,0.31546148680168673,2026-05-21
r000088,u00026,e023,Clean restaurant family family hotel safe friendly restaurant restaurant booking amazing tour.,5,0.8251815609793944,0.5925218588724246,2026-04-23
r000089,u00077,e024,Friendly beautiful tour restaurant restaurant safe booking beautiful restaurant hotel restaurant family.,5,0.8519811954033004,0.7483185108105965,2026-02-06
r000090,u00069,e022,Beach family booking excellent booking restaurant beautiful amazing booking trip clean tour.,4,0.8578516648406365,0.7420040663005307,2026-03-09
r000091,u00017,e022,Trip beach recommended booking booking trip tour trip beautiful clean museum friendly.,5,0.9445311916985557,0.37392198258230586,2026-01-04
r000092,u00055,e006,Unsafe museum dirty family restaurant beach booking dirty tour unsafe trip museum.,3,0.8216586447914809,0.7401337263892726,2026-03-08
r000093,u00000,e003,Recommended museum friendly hotel family tour tour excellent family clean trip museum.,5,0.6917475345306966,0.7809800661412535,2026-06-14
r000094,u00066,e003,Trip restaurant trip amazing trip safe booking comfortable safe trip museum beach.,4,0.7327915297948756,0.8197663253063335,2026-02-04
r000095,u00062,e009,Beach museum restaurant restaurant beautiful booking family friendly safe hotel comfortable tour.,4,0.7843476730400034,0.6131864914823419,2026-04-26
r000096,u00068,e015,Family hotel tour bad dirty beach family booking dirty beach restaurant crowded.,2,0.5933290167577197,0.7626201105498408,2026-01-07
r000097,u00035,e018,Tour booking comfortable family beach booking family beautiful clean family hotel amazing.,4,0.794449092694569,0.8061877517962032,2026-04-24
r000098,u00055,e020,Hotel booking expensive tour booking bad tour tour poor dirty tour beach.,2,0.9549663507153837,0.5565285267897876,2026-03-11
r000099,u00016,e005,Beach hotel late restaurant hotel booking crowded beach late expensive restaurant family.,2,0.7456170985570291,0.9608373985545334,2026-02-21
r000100,u00012,e023,Trip museum family hotel trip dirty unsafe beach booking late hotel unsafe.,3,0.6966501377243124,0.7304668708967781,2026-03-31
r000101,u00030,e001,Hotel hotel friendly trip trip hotel unsafe museum family unsafe late tour.,3,0.727277101376088,0.7276474203183114,2026-02-14
r000102,u00051,e023,Restaurant trip museum beautiful museum safe clean hotel clean family tour tour.,4,0.8016280748890223,0.7222026599083888,2026-05-20
r000103,u00056,e000,Booking beach booking hotel comfortable friendly restaurant museum safe family friendly trip.,5,0.7710440241152656,0.6255315719575811,2026-01-28
r000104,u00013,e024,Clean clean tour late dirty hotel restaurant restaurant trip restaurant trip museum.,3,0.8734223660108862,0.8229368917258587,2026-01-22
r000105,u00070,e021,Tour dirty dirty hotel friendly family family tour tour hotel friendly booking.,3,0.7948558903702191,0.8439729802754007,2026-01-06
r000106,u00044,e009,Recommended restaurant comfortable restaurant museum amazing trip hotel trip clean hotel booking.,4,0.8953878346162215,0.6552919497833432,2026-03-16
r000107,u00022,e029,Hotel hotel family excellent beach beach comfortable trip beautiful tour trip excellent.,4,0.5574046882025847,0.849401563363629,2026-02-12
r000108,u00043,e003,Restaurant trip recommended family museum amazing trip family museum trip friendly comfortable.,4,0.8612720294383255,0.5610543748386168,2026-05-09
r000109,u00005,e003,Booking hotel hotel friendly clean family restaurant safe hotel beach tour friendly.,4,0.9151121380570131,0.6286956291570053,2026-01-01
r000110,u00031,e008,Family museum family excellent hotel museum clean restaurant family beach excellent clean.,5,0.8923694208663917,0.8204076618004174,2026-04-23
r000111,u00041,e024,Tour beautiful beautiful excellent booking booking clean restaurant family museum museum restaurant.,4,0.7791329706708475,0.7438689920808912,2026-01-19
r000112,u00071,e012,Trip booking booking museum museum beach restaurant clean unsafe unsafe unsafe family.,3,0.8308408044963052,0.7570097869914862,2026-03-31
r000113,u00008,e010,Family hotel comfortable clean friendly family booking booking hotel family excellent restaurant.,4,0.76580658125529,0.9040259674537388,2026-03-12
r000114,u00029,e012,Recommended booking family family excellent museum hotel hotel tour clean amazing restaurant.,4,0.695518080322322,0.8594400108372471,2026-02-06
r000115,u00059,e013,Dirty restaurant hotel beach family beach restaurant clean friendly late trip booking.,3,0.7698957160684977,0.916406159143347,2026-05-19
r000116,u00007,e010,Beach comfortable beach trip safe recommended hotel family family hotel friendly hotel.,4,0.883395892913517,0.5839459757582455,2026-01-21
r000117,u00009,e002,Trip restaurant family beach dirty tour late family excellent dirty trip booking.,3,0.7151434609526928,0.8443399545187547,2026-04-10
r000118,u00042,e003,Beautiful family comfortable tour tour restaurant trip museum booking beautiful clean beach.,5,0.8447454185766158,0.9372181669909976,2026-04-18
r000119,u00031,e021,Restaurant friendly beach hotel museum trip clean trip clean trip recommended hotel.,4,0.9533350021197694,0.9585372735302229,2026-02-19
r000120,u00056,e023,Hotel booking excellent booking hotel amazing friendly museum museum family booking recommended.,4,0.947559453698356,0.9722967011431983,2026-04-14
r000121,u00018,e002,Hotel dirty trip trip family friendly family restaurant unsafe hotel clean museum.,3,0.9028680771030805,0.7953460977010164,2026-02-16
r000122,u00028,e010,Booking amazing beach museum comfortable booking booking excellent clean booking restaurant family.,4,0.8916962905447342,0.48555697653491314,2026-01-25
r000123,u00058,e025,Hotel bad poor beach beach crowded beach crowded hotel restaurant beach trip.,2,0.7170883891049004,0.6477542754524024,2026-06-11
r000124,u00073,e016,Restaurant dirty hotel booking museum museum clean beach restaurant family clean dirty.,3,0.8304992297873869,0.8669891730649698,2026-01-16
r000125,u00050,e007,Trip museum beach museum clean family beach beautiful trip recommended clean museum.,4,0.6427606833566767,0.8146672093098635,2026-04-22
r000126,u00017,e012,Family family museum tour booking rude museum late late poor restaurant hotel.,1,0.6715763488973645,0.8873801696787202,2026-03-06
r000127,u00064,e019,Beautiful family family family recommended comfortable museum beach beach tour clean beach.,5,0.7255862339002309,0.7891650915168492,2026-05-01
r000128,u00003,e017,Late tour crowded family family restaurant beach tour hotel bad trip crowded.,2,0.8293824233065431,0.6479101388566555,2026-02-21
r000129,u00069,e019,Family booking beach excellent booking clean restaurant trip restaurant clean beach clean.,5,0.8150378078797544,0.8290286089539396,2026-03-18
r000130,u00047,e025,Clean late booking restaurant museum booking restaurant late restaurant friendly booking hotel.,3,0.7807578214350409,0.8250467237168979,2026-06-13
r000131,u00038,e023,Beach tour friendly beautiful beach beach beach restaurant comfortable hotel booking amazing.,5,0.8642115247008759,0.4032338660696561,2026-02-27
r000132,u00032,e016,Trip excellent museum trip museum friendly family clean hotel hotel clean restaurant.,4,0.7294356158039069,0.7651498399186418,2026-03-02
r000133,u00004,e005,Dirty expensive tour rude family hotel hotel tour beach expensive beach tour.,2,0.8144708647674398,0.7916771808526506,2026-01-07
r000134,u00049,e027,Clean family recommended beautiful tour trip family hotel comfortable tour tour hotel.,5,0.8547040097879782,0.9573704786854442,2026-02-14
r000135,u00030,e001,Museum museum hotel amazing hotel amazing booking family comfortable trip tour beautiful.,5,0.7435727175843294,0.5278859173731957,2026-04-23
r000136,u00077,e016,Beach clean amazing family comfortable beach hotel tour family trip trip excellent.,4,0.6712241447900709,0.5821301459200539,2026-05-15
r000137,u00076,e027,Restaurant friendly restaurant museum friendly museum family unsafe trip friendly family family.,3,0.827649080358262,0.8026541794796043,2026-05-10
r000138,u00024,e021,Friendly tour friendly amazing museum beach recommended trip booking hotel family museum.,4,0.8959523700223222,0.8373442343610964,2026-05-19
r000139,u00062,e004,Unsafe restaurant excellent beach trip friendly clean family beach hotel booking booking.,3,0.9043438093770618,0.6320945745843957,2026-04-16
r000140,u00069,e026,Trip family hotel family clean beautiful friendly restaurant trip excellent museum trip.,5,0.8156811243184102,0.8379372628640913,2026-02-08
r000141,u00075,e009,Museum trip beach late beach tour beach unsafe friendly restaurant clean restaurant.,3,0.7805695028788622,0.8759040251098796,2026-02-28
r000142,u00013,e009,Beach restaurant comfortable family excellent museum hotel beautiful family friendly tour restaurant.,4,0.7349924289578321,0.8253326521269452,2026-02-11
r000143,u00074,e003,Dirty unsafe unsafe booking museum trip trip clean family beach beach family.,3,0.9819415176877706,0.6468120007798962,2026-06-29
r000144,u00050,e001,Museum booking clean clean museum restaurant clean booking hotel tour friendly restaurant.,3,0.7140875427728843,0.4520982757295914,2026-01-29
r000145,u00053,e014,Beach hotel restaurant rude dirty museum trip family restaurant restaurant rude rude.,2,0.8429074932321369,0.8360890966975026,2026-01-05
r000146,u00012,e024,Tour restaurant booking trip beautiful comfortable hotel beach excellent hotel tour friendly.,5,0.7291621620604566,0.7534937380579438,2026-01-09
r000147,u00002,e013,Beach restaurant tour comfortable beach clean amazing beach trip beach amazing restaurant.,4,0.8762545593203339,0.7513686908196794,2026-05-03
r000148,u00064,e022,Beach trip tour booking comfortable trip beautiful clean beautiful museum beach family.,5,0.8470872904227287,0.74052148893768,2026-02-21
r000149,u00055,e028,Comfortable clean family hotel friendly safe hotel trip trip hotel museum trip.,4,0.6373137050110698,0.793240418821197,2026-01-08
r000150,u00010,e025,Beach beach beach excellent late hotel excellent museum booking family booking friendly.,3,0.7349320989521797,0.7981811012238929,2026-02-08
r000151,u00072,e001,Late beach unsafe restaurant dirty hotel booking museum hotel beach tour excellent.,3,0.5828316536867243,0.6548854784119369,2026-02-18
r000152,u00065,e002,Tour family booking booking trip clean family friendly unsafe friendly museum tour.,3,0.6520298518553929,0.7516508939833069,2026-03-18
r000153,u00054,e014,Tour clean beach beach family beautiful beach tour tour beach recommended friendly.,4,0.5575801072046054,0.8987718715023296,2026-01-10
r000154,u00024,e018,Booking beach tour beach booking friendly friendly friendly tour restaurant clean tour.,3,0.7601206182412915,0.5076060900157012,2026-02-20
r000155,u00043,e017,Dirty unsafe booking excellent friendly trip trip restaurant hotel restaurant hotel hotel.,3,0.8516845662977882,0.7454270094441886,2026-04-28
r000156,u00044,e024,Hotel crowded restaurant booking tour hotel family crowded poor bad restaurant trip.,2,0.7604773590696039,0.454654782553064,2026-06-03
r000157,u00068,e000,Restaurant restaurant restaurant clean late tour family clean hotel hotel booking excellent.,3,0.9014638054421231,0.8824136559295536,2026-04-04
r000158,u00004,e001,Restaurant restaurant museum booking safe recommended tour excellent restaurant family family excellent.,5,0.9063055357508063,0.6577078682622137,2026-03-03
r000159,u00055,e029,Hotel restaurant restaurant excellent unsafe trip unsafe trip hotel booking restaurant clean.,3,0.9138998838359249,0.8021265693274126,2026-06-28
r000160,u00006,e027,Trip beach unsafe tour restaurant dirty family booking unsafe dirty beach trip.,3,0.8715805169357712,0.38408582628361143,2026-03-04
r000161,u00029,e023,Restaurant tour excellent beach safe beach beach clean amazing hotel tour tour.,4,0.8106399264811324,0.8395365688462004,2026-04-13
r000162,u00053,e016,Trip family beach clean trip family tour beach restaurant clean friendly safe.,5,0.9304324554293584,0.8441674803929907,2026-02-12
r000163,u00005,e025,Rude booking trip trip rude beach tour late restaurant trip museum bad.,2,0.6639721974465892,0.6001098000080044,2026-05-29
r000164,u00036,e011,Excellent tour tour hotel safe booking restaurant tour safe family museum safe.,4,0.8980888216951,0.6005756568097057,2026-01-21
r000165,u00042,e016,Excellent family trip unsafe unsafe beach trip tour restaurant clean hotel trip.,3,0.7818834750127487,0.7260526421462172,2026-03-03
r000166,u00046,e029,Hotel museum hotel hotel expensive beach poor dirty beach late museum museum.,2,0.8712180937244348,0.935090860336767,2026-02-14
r000167,u00042,e008,Beach hotel beach beach clean tour recommended booking clean tour booking amazing.,5,0.889719957621335,0.8060005221284949,2026-06-17
r000168,u00079,e014,Hotel restaurant family comfortable beach beach family tour safe hotel friendly comfortable.,4,0.7886943209421173,0.18066464839403096,2026-06-15
r000169,u00071,e008,Hotel booking tour restaurant clean beach trip beautiful museum safe friendly beach.,4,0.41603045898882246,0.9134783580453232,2026-04-19
r000170,u00016,e016,Tour friendly clean hotel late booking booking clean restaurant hotel family museum.,3,0.6927271750389001,0.7356974247866089,2026-05-25
r000171,u00038,e001,Restaurant beach tour safe family family restaurant amazing clean museum family excellent.,4,0.6263920880006301,0.7325990326515459,2026-05-03
r000172,u00001,e017,Excellent restaurant unsafe dirty family museum booking hotel excellent museum hotel museum.,3,0.7885205043485546,0.8901620156022978,2026-03-15
r000173,u00003,e011,Tour recommended beach clean recommended hotel booking restaurant amazing beach hotel booking.,4,0.8014861732513117,0.8557148725296467,2026-02-23
r000174,u00062,e011,Excellent trip tour booking museum tour beach unsafe late friendly restaurant trip.,3,0.7799020582133434,0.44362743250067044,2026-01-05
r000175,u00051,e014,Booking museum late rude restaurant booking museum museum late dirty family beach.,2,0.8601772365782127,0.803398661751372,2026-04-01
r000176,u00063,e002,Museum booking hotel hotel safe recommended museum recommended booking safe hotel family.,5,0.9459858329993133,0.4164278041756404,2026-01-21
r000177,u00034,e008,Friendly dirty beach dirty restaurant museum trip hotel hotel clean hotel museum.,3,0.7139097027262513,0.527428417793028,2026-02-27
r000178,u00028,e009,Tour hotel clean hotel beautiful booking family recommended museum clean museum restaurant.,4,0.9169666791370956,0.634572326860158,2026-06-23
r000179,u00063,e017,Amazing booking museum recommended beach amazing booking beach hotel excellent tour family.,4,0.6823006104590426,0.7932356177189915,2026-03-21
r000180,u00038,e015,Museum unsafe hotel hotel friendly clean tour beach friendly hotel hotel restaurant.,3,0.9223233635982577,0.8586346911846965,2026-06-21
r000181,u00076,e012,Beach friendly unsafe tour trip tour clean trip restaurant trip clean restaurant.,3,0.8363159927275993,0.8858219018028693,2026-06-07
r000182,u00033,e007,Restaurant family hotel tour booking friendly clean recommended tour hotel friendly museum.,4,0.9122793789333046,0.45049581613430834,2026-03-02
r000183,u00002,e009,Booking dirty trip tour beach family beach unsafe beach unsafe late trip.,3,0.7964413132940934,0.6582839127854784,2026-04-06
r000184,u00028,e012,Restaurant excellent restaurant excellent beautiful amazing restaurant tour hotel family beach restaurant.,4,0.9781182046760428,0.7216204639938953,2026-02-12
r000185,u00059,e006,Excellent beach recommended hotel safe restaurant beach trip comfortable beach tour beach.,4,0.7275159446507632,0.8319346374962449,2026-01-10
r000186,u00030,e014,Beautiful trip booking comfortable hotel family recommended trip museum beach excellent hotel.,5,0.7809208381740507,0.926454905179394,2026-06-04
r000187,u00059,e017,Beach recommended friendly safe trip booking hotel amazing booking booking booking booking.,5,0.6560505831760338,0.5985375516490336,2026-04-24
r000188,u00012,e026,Safe trip booking beach beach hotel museum comfortable booking museum recommended friendly.,4,0.7131012249907278,0.957851526293395,2026-06-26
r000189,u00062,e019,Friendly excellent booking trip unsafe hotel booking dirty family hotel beach beach.,3,0.7991361383466355,0.6003885654641825,2026-05-04
r000190,u00065,e010,Dirty trip museum booking bad hotel museum museum museum booking late dirty.,2,0.8346959001065807,0.9557314875481716,2026-01-16
r000191,u00073,e005,Tour trip beach tour beach family museum amazing recommended tour beautiful clean.,5,0.9202430185117935,0.7533433168009561,2026-01-26
r000192,u00007,e026,Museum amazing booking clean hotel hotel friendly booking hotel beach trip recommended.,5,0.8803691508849105,0.5358156845326721,2026-01-24
r000193,u00028,e009,Beach restaurant beautiful trip beach trip clean comfortable family museum friendly trip.,4,0.8842538929432824,0.8044530558785784,2026-06-21
r000194,u00075,e000,Safe beach restaurant recommended trip museum family beautiful restaurant beach clean beach.,4,0.33859098058180986,0.5866613425347152,2026-01-23
r000195,u00049,e016,Trip tour restaurant tour excellent trip family beautiful amazing family recommended tour.,5,0.9424877935743645,0.8862727429143695,2026-01-28
r000196,u00042,e021,Tour tour trip friendly comfortable museum beach hotel booking friendly clean tour.,5,0.834341942652637,0.8753750757902115,2026-06-23
r000197,u00029,e022,Clean trip amazing booking beach comfortable tour beach amazing family restaurant trip.,5,0.9319931730614869,0.9244696543141371,2026-04-28
r000198,u00074,e025,Trip tour beach dirty booking tour clean friendly booking family beach late.,3,0.7980588461784962,0.8969281069444717,2026-05-01
r000199,u00075,e008,Tour clean trip friendly amazing booking beach museum trip safe trip family.,5,0.8269839126859048,0.7523903615552835,2026-06-01
r000200,u00057,e028,Family booking family rude late unsafe tour tour museum crowded trip restaurant.,2,0.9344750093444114,0.9356451190286001,2026-05-12
r000201,u00010,e010,Trip hotel trip restaurant excellent hotel beach family beautiful comfortable clean booking.,5,0.7556904284146645,0.7682486896366505,2026-06-11
r000202,u00053,e029,Booking amazing museum amazing clean beach tour restaurant tour booking trip amazing.,4,0.7394594534967661,0.8342977855445909,2026-06-15
r000203,u00046,e020,Tour tour recommended trip recommended family booking museum clean hotel hotel amazing.,5,0.882889698805014,0.6532155043512193,2026-01-13
r000204,u00041,e005,Trip safe museum tour safe safe beach hotel beach booking comfortable family.,5,0.8276664893133793,0.8236024737116536,2026-04-06
r000205,u00043,e000,Restaurant museum family hotel hotel amazing beach friendly family beach safe beautiful.,5,0.8670664795423905,0.7126761358225374,2026-05-16
r000206,u00076,e026,Unsafe trip dirty museum tour trip family friendly unsafe booking restaurant hotel.,3,0.8241451673603574,0.8505695445846835,2026-03-03
r000207,u00046,e024,Dirty crowded hotel poor family tour restaurant bad museum booking booking beach.,2,0.9214876347431515,0.6922816789746482,2026-06-15
r000208,u00013,e025,Restaurant safe restaurant comfortable museum tour trip recommended beach booking family safe.,5,0.6539902269057628,0.8206724888922523,2026-06-16
r000209,u00007,e011,Museum family excellent booking family museum late unsafe family clean booking beach.,3,0.8579275338882002,0.8189392579755322,2026-01-21
r000210,u00029,e000,Beautiful amazing hotel tour hotel recommended beach beach trip tour clean booking.,4,0.9677430312377568,0.695792671584566,2026-04-26
r000211,u00050,e004,Restaurant family family restaurant beautiful excellent museum trip recommended clean family beach.,5,0.713092972890816,0.5858939154591013,2026-01-11
r000212,u00041,e007,Unsafe dirty hotel family trip unsafe trip family tour tour expensive trip.,2,0.7461054800194734,0.8737099368772315,2026-05-15
r000213,u00001,e013,Booking beach booking trip dirty booking hotel rude unsafe trip family crowded.,1,0.8976819177665097,0.7683439744550148,2026-05-10
r000214,u00073,e017,Restaurant family booking friendly trip clean friendly booking booking family excellent booking.,4,0.747046730374602,0.5140413187797008,2026-01-14
r000215,u00023,e018,Tour restaurant excellent trip tour booking restaurant hotel beautiful restaurant excellent friendly.,4,0.6808583933883139,0.7959299968213462,2026-02-19
r000216,u00005,e029,Recommended beautiful friendly trip family trip museum booking hotel friendly restaurant tour.,4,0.8783834158348336,0.8621082260757982,2026-04-18
r000217,u00002,e021,Beautiful amazing restaurant hotel booking comfortable trip tour museum comfortable hotel tour.,4,0.9354047954554907,0.8600066984957825,2026-03-16
r000218,u00074,e008,Excellent late booking museum late booking clean beach family beach hotel booking.,3,0.7822212932317951,0.6628966753158534,2026-06-23
r000219,u00076,e010,Unsafe hotel museum museum late trip family rude trip trip crowded museum.,2,0.6531589626899049,0.8942715104459967,2026-03-14
r000220,u00066,e006,Excellent hotel trip safe beach family booking museum hotel excellent trip excellent.,4,0.8978779021896227,0.9839045781552075,2026-06-07
r000221,u00076,e021,Late booking clean tour friendly late beach family tour museum restaurant family.,3,0.6853779272097572,0.8181557532122126,2026-06-06
r000222,u00065,e026,Beach late hotel unsafe beach restaurant poor late tour restaurant restaurant restaurant.,2,0.8728860911526706,0.3454414759959135,2026-04-03
r000223,u00007,e029,Family family museum beach beach beautiful family booking recommended amazing museum amazing.,4,0.9190735275876566,0.9392553520154533,2026-05-15
r000224,u00034,e020,Tour clean tour beach family excellent amazing museum beach recommended restaurant trip.,4,0.9738316657084559,0.8331564133122344,2026-04-24
r000225,u00076,e006,Booking beautiful hotel restaurant comfortable clean museum hotel family beautiful museum family.,4,0.8860038178077128,0.9193466789671026,2026-04-27
r000226,u00023,e003,Trip hotel unsafe tour clean restaurant unsafe hotel booking museum clean tour.,3,0.7179636530839311,0.8816328028789899,2026-05-11
r000227,u00051,e008,Excellent excellent restaurant beach family trip late tour hotel family unsafe tour.,3,0.5913197734160633,0.4536463109685573,2026-01-27
r000228,u00016,e024,Dirty booking family trip hotel hotel unsafe dirty tour late restaurant booking.,3,0.8263478177988905,0.7372998581097734,2026-01-30
r000229,u00005,e029,Beach trip late late beach booking family excellent dirty booking beach museum.,3,0.7604194942215927,0.8144435511717303,2026-01-29
r000230,u00050,e024,Recommended tour beautiful recommended restaurant excellent trip restaurant beach museum tour hotel.,4,0.7395701342980895,0.6987071839986531,2026-01-29
r000231,u00037,e005,Restaurant tour tour excellent tour museum dirty clean trip dirty museum restaurant.,3,0.8840237982976328,0.30163269320346636,2026-01-27
r000232,u00068,e029,Tour hotel clean booking friendly restaurant museum museum safe trip clean booking.,4,0.825828077962809,0.7410453645935354,2026-01-21
r000233,u00078,e011,Comfortable trip beautiful museum friendly beach museum restaurant family clean hotel beach.,4,0.8604411304195375,0.4568597324637951,2026-05-19
r000234,u00053,e002,Beach safe booking family tour museum clean hotel restaurant safe recommended museum.,5,0.8439242021809836,0.8171824989250046,2026-04-02
r000235,u00053,e023,Tour tour hotel hotel family poor late crowded booking trip museum expensive.,2,0.8825996054529293,0.7402303735424768,2026-05-13
r000236,u00009,e020,Amazing hotel booking hotel safe hotel trip recommended tour hotel comfortable museum.,5,0.8128852644126879,0.837604841188915,2026-02-01
r000237,u00027,e017,Booking tour friendly comfortable comfortable booking beach tour museum clean beach museum.,4,0.704018829593588,0.5903280657681151,2026-01-08
r000238,u00047,e021,Trip safe restaurant beach restaurant hotel comfortable excellent beach friendly beach booking.,4,0.8095327716588053,0.7683415653510419,2026-06-06
r000239,u00000,e013,Restaurant booking unsafe museum restaurant crowded tour booking booking late rude family.,2,0.7346078668939188,0.48915786723585875,2026-04-07
r000240,u00045,e001,Clean restaurant tour dirty dirty museum restaurant trip museum beach tour late.,3,0.6167918975181326,0.7217669474898691,2026-06-06
r000241,u00067,e013,Family trip booking friendly clean family tour excellent beautiful hotel restaurant family.,5,0.7401039257762388,0.5775010244425537,2026-01-21
r000242,u00043,e004,Family excellent hotel hotel restaurant booking trip safe museum safe booking comfortable.,4,0.8662903260722433,0.8741179224320086,2026-01-30
r000243,u00069,e015,Restaurant friendly museum comfortable family excellent booking family restaurant amazing hotel hotel.,4,0.8035001797672685,0.7158797888199723,2026-04-29
r000244,u00079,e016,Hotel clean clean unsafe late tour family hotel museum hotel beach restaurant.,3,0.8211988468320811,0.3296375410673028,2026-03-29
r000245,u00076,e014,Comfortable family tour restaurant amazing booking restaurant tour family tour beautiful excellent.,5,0.9401574776216884,0.7304992398972494,2026-06-03
r000246,u00036,e001,Hotel safe family family family family safe trip amazing trip family excellent.,4,0.8463245086023646,0.8202966808638054,2026-05-12
r000247,u00004,e018,Bad booking booking bad family restaurant booking late trip museum unsafe hotel.,1,0.5573786047864293,0.7371372153732956,2026-05-01
r000248,u00000,e028,Unsafe late restaurant hotel tour beach clean family friendly museum trip tour.,3,0.8979546630261738,0.4854925446870161,2026-03-21
r000249,u00051,e019,Hotel rude bad family restaurant family unsafe trip museum trip unsafe family.,2,0.8140185692565353,0.6780263077170426,2026-04-15
r000250,u00060,e001,Crowded crowded crowded booking trip restaurant booking restaurant booking family unsafe trip.,1,0.5562942042520505,0.742088614139936,2026-05-10
r000251,u00066,e019,Beach dirty trip late beach late excellent booking trip tour tour family.,3,0.7610026600110544,0.44764355026680586,2026-02-23
r000252,u00023,e013,Beach tour excellent excellent hotel safe recommended restaurant trip beach restaurant family.,5,0.8297167820289462,0.8411951174288346,2026-06-16
r000253,u00005,e028,Recommended hotel tour museum booking restaurant beach restaurant clean friendly booking clean.,4,0.7228689499648621,0.7654220160796791,2026-05-16
r000254,u00008,e018,Friendly tour booking booking dirty unsafe tour trip hotel hotel trip friendly.,3,0.7495839517308743,0.7791699703563738,2026-05-27
r000255,u00048,e026,Late family late family restaurant hotel trip museum family dirty hotel excellent.,3,0.9730561600710714,0.8252515216695203,2026-03-14
r000256,u00017,e017,Museum comfortable beautiful booking recommended museum trip trip museum restaurant museum clean.,5,0.6184335016944545,0.7429097883012472,2026-05-28
r000257,u00065,e009,Restaurant beautiful museum safe museum booking booking family friendly restaurant tour excellent.,4,0.9623588300517323,0.8248174344608825,2026-06-20
r000258,u00055,e015,Hotel trip comfortable recommended comfortable museum beach clean family family booking museum.,4,0.8185576974138776,0.9449858755394255,2026-02-07
r000259,u00011,e005,Family clean hotel family safe museum beautiful friendly beach museum hotel beach.,4,0.7051453515768887,0.3879815595755373,2026-02-08
r000260,u00066,e024,Clean comfortable restaurant booking hotel booking amazing trip excellent hotel hotel restaurant.,4,0.8028675939111485,0.74449210360253,2026-05-08
r000261,u00067,e001,Beach restaurant hotel excellent trip clean hotel booking excellent restaurant booking comfortable.,5,0.6688384719642917,0.9077469027191035,2026-02-05
r000262,u00065,e029,Family restaurant amazing hotel restaurant trip museum amazing beautiful beach restaurant safe.,4,0.8222900460063702,0.8125583037067271,2026-04-04
r000263,u00053,e029,Trip trip tour museum friendly friendly beautiful beach hotel friendly tour booking.,4,0.9392120328691526,0.9516659122691464,2026-05-27
r000264,u00051,e015,Museum family museum excellent late hotel clean restaurant booking clean restaurant family.,3,0.8863113653782118,0.8389688853995876,2026-01-26
r000265,u00024,e006,Trip excellent clean restaurant trip restaurant booking family clean clean trip booking.,4,0.7398139096715859,0.8395597121081989,2026-01-23
r000266,u00046,e012,Friendly tour trip beach trip excellent clean booking clean booking tour family.,3,0.8163944359772035,0.6733371428352297,2026-02-02
r000267,u00050,e013,Recommended excellent amazing tour tour trip beach family trip booking excellent hotel.,5,0.8746050284906539,0.49949442622877577,2026-02-23
r000268,u00009,e027,Trip rude family crowded beach beach expensive rude restaurant museum hotel beach.,2,0.8911187642608819,0.6105939069853239,2026-06-27
r000269,u00000,e008,Trip tour hotel trip hotel trip friendly clean tour comfortable beautiful restaurant.,4,0.9128022768093269,0.5483647580489496,2026-01-09
r000270,u00017,e012,Restaurant beautiful trip trip museum clean amazing restaurant safe booking beach restaurant.,4,0.689216400375843,0.7901497673309454,2026-01-14
r000271,u00021,e029,Bad trip restaurant poor late rude restaurant tour hotel museum tour tour.,2,0.874661347227244,0.7259841509728346,2026-06-16
r000272,u00008,e002,Family beautiful tour safe trip excellent hotel recommended hotel museum trip restaurant.,5,0.9430573824973597,0.7471812327247669,2026-01-16
r000273,u00005,e006,Family restaurant restaurant beach trip restaurant excellent family excellent clean hotel friendly.,5,0.7257779149118407,0.8510669411517695,2026-05-07
r000274,u00036,e019,Family booking beach late restaurant late family clean booking trip unsafe museum.,3,0.6391176702913238,0.8131204036606199,2026-06-08
r000275,u00011,e020,Beach amazing hotel excellent restaurant tour beautiful recommended beach tour trip booking.,5,0.6880352452518627,0.8572022668245501,2026-01-12
r000276,u00057,e028,Hotel clean booking museum friendly trip museum beach beautiful comfortable trip trip.,4,0.7084965957551307,0.9012430342355328,2026-03-15
r000277,u00025,e014,Tour tour family rude family museum rude bad poor booking booking beach.,1,0.8973209200687734,0.7134275102544176,2026-03-29
r000278,u00024,e011,Beach safe trip amazing family family museum hotel friendly trip recommended beach.,4,0.7041130065714957,0.7399398563067067,2026-02-22
r000279,u00011,e022,Trip tour amazing trip tour museum hotel clean amazing booking booking beautiful.,4,0.6770867946290452,0.615080204885492,2026-05-01
r000280,u00000,e020,Museum restaurant clean trip beautiful hotel hotel museum family friendly comfortable museum.,4,0.7760460513548026,0.6571128183236933,2026-04-25
r000281,u00017,e013,Excellent museum tour booking late museum excellent restaurant dirty trip family family.,3,0.7454821986319451,0.830251046260245,2026-02-14
r000282,u00065,e022,Amazing museum beautiful family trip museum restaurant tour excellent beach amazing family.,4,0.5437832777981602,0.8915132186446153,2026-03-11
r000283,u00027,e022,Family booking family safe excellent recommended restaurant recommended booking trip trip beach.,4,0.9004367160665675,0.4336558893896592,2026-03-08
r000284,u00064,e012,Tour safe beautiful excellent family beach beach family family trip trip comfortable.,5,0.9173552082755888,0.8225959948866882,2026-05-22
r000285,u00011,e027,Restaurant friendly trip friendly booking hotel trip booking hotel recommended tour beautiful.,4,0.7620335318397818,0.511990248590087,2026-01-18
r000286,u00052,e024,Friendly beach tour trip family excellent recommended trip trip clean beach trip.,4,0.8648107022764855,0.4939608133916549,2026-01-29
r000287,u00014,e025,Hotel trip hotel tour amazing safe family trip safe beautiful trip tour.,5,0.794951181114662,0.5486064731838958,2026-05-05
r000288,u00017,e007,Restaurant clean museum hotel clean restaurant booking beach friendly dirty beach hotel.,3,0.969943965642119,0.8376836455215843,2026-05-05
r000289,u00011,e002,Unsafe excellent booking family museum unsafe family trip trip restaurant tour unsafe.,3,0.7019736465020199,0.8897417671146064,2026-06-17
r000290,u00056,e026,Booking trip hotel bad family booking unsafe beach rude expensive museum restaurant.,2,0.7406066361012523,0.5640839932610572,2026-02-15
r000291,u00051,e019,Recommended friendly hotel beach beach safe booking comfortable booking beach restaurant trip.,5,0.8610974718909389,0.6588357209459296,2026-01-02
r000292,u00009,e022,Museum restaurant tour amazing museum clean booking restaurant beach restaurant clean recommended.,5,0.6641943730513434,0.4753803430116965,2026-05-31
r000293,u00064,e008,Booking hotel tour hotel hotel beautiful trip restaurant safe restaurant comfortable comfortable.,5,0.9089250818874357,0.7420525582066289,2026-01-15
r000294,u00002,e027,Family friendly tour friendly museum booking friendly family family comfortable family tour.,5,0.49743364339343465,0.8681666564601296,2026-04-28
r000295,u00076,e008,Amazing trip restaurant safe excellent trip family restaurant trip beach beautiful tour.,4,0.4103577149756804,0.5570689339487337,2026-03-13
r000296,u00034,e028,Family museum beautiful hotel booking tour comfortable museum recommended tour hotel comfortable.,4,0.8805427179116807,0.7307316784548906,2026-01-10
r000297,u00049,e016,Beautiful restaurant family beach friendly booking booking booking friendly booking recommended tour.,4,0.7234945882857319,0.5231536553039838,2026-05-28
r000298,u00031,e009,Restaurant beach recommended booking family trip friendly family friendly tour safe museum.,4,0.7941383597215884,0.5138372589895474,2026-01-28
r000299,u00077,e023,Safe trip hotel beach excellent friendly hotel family clean booking family hotel.,4,0.7482016709355881,0.6689910042464874,2026-05-31
